LAT,LONG
-1.401389,5.6325
-1.430556,5.651944
-1.401389,5.6325
-1.445556,5.627222
-1.458333,5.636667
-1.401389,5.6325
-1.458333,5.636667
-1.401389,5.6325
-1.401389,5.6325
-1.458333,5.636667
-1.416667,5.633333
-1.458333,5.636667
-1.445556,5.627222
3.558518,8.852282
3.566667,8.857236
3.727925,8.810177
3.632934,8.906845
3.558518,8.852282
3.566667,8.857236
3.6722,8.636699
3.699201,8.908396
3.699201,8.908396
3.632934,8.906845
3.650685,8.915726
3.582477,8.866895
3.582477,8.866895
3.619633,8.898859
3.619633,8.898859
3.694296,8.803575
3.706084,8.809583
3.694296,8.803575
3.727925,8.810177
3.641547,8.918416
3.641547,8.918416
3.727925,8.810177
3.727925,8.810177
3.716819,8.68455
3.716819,8.68455
3.598022,8.886604
3.666667,8.633333
3.666667,8.633333
3.75,8.783333
3.75,8.783333
3.662636,8.917808
3.75,8.783333
3.727925,8.810177
3.662636,8.917808
3.699201,8.908396
3.75,8.783333
3.75,8.783333
3.75,8.783333
3.694296,8.803575
3.716667,8.833333
3.75,8.783333
3.709279,8.711648
3.75,8.783333
3.75,8.783333
3.699201,8.908396
3.709279,8.711648
3.681664,8.916325
3.681664,8.916325
3.718138,8.747619
3.285381,8.733801
3.518606,8.818264
3.518606,8.818264
3.524054,8.825271
3.518606,8.818264
3.518606,8.818264
3.397053,8.715558
3.49189,8.795527
3.433333,8.533333
3.455999,8.766875
3.455375,8.779726
3.518606,8.818264
3.524054,8.825271
3.443307,8.558136
3.443307,8.558136
3.59071,8.623294
3.59071,8.623294
3.59071,8.623294
3.59071,8.623294
3.633333,8.65
3.633333,8.65
3.443438,8.504907
3.635843,8.640037
3.635843,8.640037
3.402115,8.574109
3.49189,8.795527
3.49189,8.795527
3.49189,8.795527
3.49189,8.795527
3.49189,8.795527
3.49189,8.795527
3.350442,8.662766
3.350442,8.662766
3.418253,8.477299
3.408558,8.572603
3.42551,8.567707
3.419129,8.581599
3.285381,8.733801
3.419129,8.581599
3.285381,8.733801
3.418253,8.477299
3.408558,8.572603
3.42551,8.567707
3.436584,8.748804
3.436584,8.748804
3.436584,8.748804
3.436584,8.748804
3.457039,8.622423
3.410668,8.549861
3.419129,8.581599
3.456831,8.554647
3.382882,8.76209
3.443438,8.504907
3.382882,8.76209
3.305791,8.738487
3.317811,8.7414
3.317811,8.7414
3.273637,8.702635
3.382882,8.76209
3.382882,8.76209
3.456831,8.554647
3.348342,8.66026
3.418574,8.719788
3.415592,8.717707
3.333333,8.666667
3.467187,8.668262
3.333333,8.666667
3.467187,8.668262
3.436211,8.619094
3.436211,8.619094
3.418089,8.647364
3.382882,8.76209
3.438084,8.629935
3.410668,8.549861
3.410668,8.549861
3.252276,8.58507
3.252276,8.58507
3.456831,8.554647
3.252276,8.58507
3.252276,8.58507
3.252276,8.58507
0.988782,10.935336
1.934711,10.382782
1.933047,10.234076
1.765143,10.508284
2.086477,10.395255
2.084781,10.327541
1.836591,10.461651
1.878028,10.411086
1.454019,10.526668
1.309432,10.578484
1.75192,10.454036
1.079175,10.413422
1.428743,10.434034
1.974327,10.351715
1.974327,10.351715
1.701219,10.076824
1.428743,10.434034
1.617523,10.318248
1.548677,10.649922
1.884933,10.344894
1.591333,10.013717
1.591333,10.013717
1.382374,10.510781
1.390879,10.486574
1.208757,10.597972
1.429314,10.422398
1.849257,10.498971
1.024948,10.874403
1.081305,10.409974
1.674213,10.35798
1.047244,10.918739
1.052738,10.628669
1.040265,10.051927
0.997262,10.083739
1.280921,10.20293
1.575095,10.458291
1.908665,10.414038
2.078532,10.401429
1.934591,10.4512
1.905202,10.209293
1.816953,10.26118
1.132116,10.440265
1.049899,10.721129
0.95987,10.373733
1.363996,10.674491
2.064838,10.295713
2.050743,10.403029
1.760035,10.187942
1.824612,10.524507
1.426184,10.537663
1.800286,10.403829
1.777788,10.272644
1.70599,10.487974
1.953144,10.378132
1.01403,10.193814
1.395981,10.23367
2.165524,10.321011
1.934591,10.4512
1.31633,10.719546
1.801772,10.537677
1.466174,10.514204
1.032251,10.64882
1.032251,10.64882
1.089417,10.362408
1.074206,10.34351
1.032251,10.64882
1.913923,10.314323
1.399767,10.441883
1.554486,10.750337
1.364463,10.640672
1.505783,10.47392
1.399767,10.441883
1.280195,10.582529
1.261351,10.513582
1.684811,10.374213
1.575095,10.458291
1.908665,10.414038
1.558065,10.543388
1.165146,10.424612
1.554486,10.750337
1.364463,10.640672
1.183561,10.57953
1.183561,10.57953
1.829789,10.520783
1.295669,10.703397
1.829789,10.520783
1.382374,10.510781
1.429314,10.422398
1.081305,10.409974
1.674213,10.35798
1.047244,10.918739
1.040265,10.051927
1.040265,10.051927
1.363996,10.674491
1.816953,10.26118
1.132116,10.440265
1.049899,10.721129
2.064838,10.295713
1.800286,10.403829
1.032251,10.64882
1.032251,10.64882
1.032251,10.64882
1.801772,10.537677
1.466174,10.514204
1.032251,10.64882
1.089417,10.362408
1.032251,10.64882
1.060963,10.076488
1.084043,10.507301
1.825331,10.258951
1.060963,10.076488
2.116153,10.384419
1.909751,10.299772
1.654797,10.316589
1.563255,10.798657
1.039012,10.306997
1.963695,10.396399
1.599416,10.85663
1.965752,10.171869
1.678328,10.372916
1.441728,10.598419
1.294774,10.183397
1.366693,10.302827
1.069785,10.384626
0.99246,10.380697
1.401271,10.244788
1.75822,10.486004
1.474732,10.669649
1.318975,10.577447
1.882361,10.504459
1.708843,10.460107
1.093676,10.363118
1.13493,10.476792
0.983941,10.103423
0.983941,10.103423
1.881332,10.18259
1.72755,10.085589
1.599974,10.05492
1.599974,10.05492
1.474732,10.669649
1.318975,10.577447
1.191243,10.495944
1.86068,10.162094
1.571983,10.376565
1.434033,10.601582
1.030899,10.339823
1.405057,10.641968
1.272937,10.465432
1.23597,10.687592
0.985234,10.477476
1.434033,10.601582
1.272937,10.465432
1.004335,10.300114
1.408531,10.400285
1.373902,10.406683
1.037744,10.666211
1.443543,10.74707
1.934711,10.382782
1.897985,10.362171
1.443543,10.74707
1.443543,10.74707
1.364878,10.664411
1.08493,10.455095
1.959846,10.393592
1.959846,10.393592
1.730724,10.063464
1.568352,10.416071
1.333255,10.731336
1.333255,10.731336
1.73087,10.285381
1.364878,10.664411
0.996197,10.28242
1.697277,10.300078
1.138048,10.573283
1.611766,10.539861
1.133672,10.780364
1.038302,10.676438
1.328276,10.582685
1.829396,10.580123
1.275165,10.498107
1.568093,10.395047
2.047864,10.217838
1.884091,10.408813
1.428362,10.581025
2.089052,10.346148
2.035348,10.386434
1.755397,10.281822
1.802894,10.266926
1.811168,10.267762
1.546791,10.564877
1.010583,10.403878
1.581129,10.46716
1.233485,10.577857
1.233485,10.577857
1.309309,10.748314
1.038657,10.452814
1.453864,10.387838
1.787329,10.204754
2.143887,10.225752
1.802894,10.266926
1.811168,10.267762
1.546791,10.564877
1.581129,10.46716
1.944678,10.388191
1.572968,10.08839
2.143887,10.225752
1.931128,10.388884
1.830026,10.465014
0.983333,10
0.972523,10.113244
0.983333,10
0.972523,10.113244
1.709285,10.075499
1.653864,10.520376
1.309309,10.748314
1.295547,10.699559
1.732788,10.44095
1.448159,10.528121
1.378899,10.581596
1.364152,10.710003
1.071433,10.743916
1.018873,10.008225
1.976382,10.283402
1.163828,10.55142
1.372087,10.314359
1.163828,10.55142
2.018269,10.218579
1.722968,10.292454
2.012051,10.357993
1.067681,10.377452
1.45765,10.516745
1.453301,10.375659
1.842841,10.443324
1.804082,10.388501
1.366894,10.52047
1.323072,10.745358
1.946871,10.368282
1.323072,10.745358
1.946871,10.368282
1.366894,10.52047
1.373902,10.500648
1.05488,10.929281
1.85689,10.211339
1.852274,10.201309
1.398107,10.572986
1.516849,10.588254
1.580092,10.508395
1.101141,10.38128
1.101141,10.38128
1.15486,10.776433
1.076022,10.503575
1.950758,10.258193
1.746499,10.131181
1.950758,10.258193
1.746499,10.131181
1.191076,10.524206
1.499454,10.6929
1.084246,10.620317
1.85689,10.211339
2.042634,10.428028
1.347485,10.386956
1.347485,10.386956
1.741813,10.15153
1.18496,10.781453
1.301582,10.501582
1.436772,10.551238
1.436772,10.551238
1.436772,10.551238
1.436772,10.551238
1.366278,10.578899
1.746802,10.452803
1.483515,10.48789
1.483515,10.48789
1.026488,10.599772
1.026488,10.599772
1.437923,10.598937
1.026488,10.599772
1.1946,10.501065
1.290328,10.423298
1.022219,10.244448
1.991187,10.308681
1.591294,10.522554
1.276772,10.463115
1.195209,10.485918
2.103307,10.375737
1.580714,10.045514
1.161495,10.385868
1.897571,10.293541
1.973764,10.275547
1.361818,10.686834
1.859019,10.190561
1.001692,10.782972
2.070026,10.282093
1.001724,10.262777
1.001724,10.262777
1.39202,10.475942
2.07397,10.258262
1.879008,10.27148
1.832752,10.465776
1.774521,10.472403
1.740879,10.284811
1.581007,10.418923
1.345721,10.724749
1.059594,10.248251
0.999594,10.753448
1.429158,10.610417
1.276772,10.463115
1.195209,10.485918
2.103307,10.375737
1.161495,10.385868
1.973764,10.275547
2.078028,10.27348
1.208113,10.554056
1.793179,10.10833
1.372139,10.659847
1.97186,10.401989
1.97186,10.401989
1.051927,10.246147
1.482892,10.485744
1.051927,10.246147
1.965687,10.26875
1.482892,10.485744
1.025563,10.848708
1.196856,10.458048
1.889465,10.277821
1.826581,10.119767
1.767119,10.574552
1.767119,10.574552
1.147465,10.506223
1.035767,10.039797
1.147465,10.506223
0.985691,10.502662
1.168154,10.779683
1.303255,10.710174
1.503059,10.635153
1.282633,10.481595
1.19133,10.487592
1.114233,10.413092
1.203144,10.540975
1.840705,10.439321
1.17085,10.60464
1.172143,10.577959
1.078998,10.447319
1.116667,10.366667
1.116667,10.366667
1.72385,10.178069
1.488545,10.278795
1.436772,10.551238
1.094068,10.275499
1.558065,10.866802
1.041797,10.948839
1.558065,10.866802
1.860145,10.455971
1.116667,10.366667
1.225271,10.581964
1.225271,10.581964
1.225271,10.581964
1.408395,10.635019
1.037325,10.791957
1.343025,10.468612
1.343025,10.468612
1.841325,10.133425
1.386834,10.57838
1.147769,10.572852
1.37442,10.554123
1.180823,10.548251
1.842841,10.443324
1.804082,10.388501
1.509484,10.641035
1.122523,10.586147
1.180899,10.738504
1.271516,10.70376
1.497951,10.543906
1.84497,10.221689
1.84497,10.221689
1.918872,10.462533
1.579954,10.826079
1.442688,10.598139
1.336211,10.264411
1.102282,10.391558
1.824169,10.50964
1.72219,10.138286
1.527291,10.470272
1.396396,10.255627
2.146538,10.200362
1.552275,10.767063
1.346914,10.309658
1.345099,10.346759
1.107605,10.391862
1.386159,10.336004
1.239569,10.575347
1.386471,10.456321
1.413569,10.628901
1.563825,10.514335
1.336211,10.264411
1.495825,10.737922
1.824169,10.50964
1.527291,10.470272
1.345099,10.346759
1.742176,10.491884
1.713322,10.434137
2.125073,10.343868
2.105994,10.349587
2.058543,10.413222
1.063549,10.335843
2.058543,10.413222
1.063549,10.335843
2.098209,10.356408
1.521412,10.531284
1.4859,10.22283
1.819216,10.374866
1.798898,10.529612
1.359845,10.249903
1.825433,10.469882
1.704745,10.502308
1.612233,10.471153
1.672865,10.36187
1.825433,10.469882
1.704745,10.502308
1.504331,10.701945
1.296862,10.577706
1.572087,10.431181
1.404071,10.577395
1.376547,10.61856
1.351219,10.581284
1.404071,10.577395
1.376547,10.61856
1.351219,10.581284
1.904478,10.374307
1.899931,10.200964
1.806408,10.423178
1.751267,10.270746
1.2977,10.768449
1.202535,10.596451
1.806408,10.423178
1.46104,10.525251
1.330818,10.405646
1.214842,10.626184
1.019063,10.056285
2.060604,10.243455
1.440879,10.455439
1.578173,10.351012
1.570842,10.537386
1.446966,10.463115
1.434241,10.352671
1.342661,10.321845
1.328525,10.462305
1.845337,10.534934
2.123832,10.402939
2.123832,10.402939
1.678507,10.39177
1.52551,10.268249
1.516849,10.588254
1.321792,10.211709
1.319488,10.197842
1.551426,10.735174
1.020218,10.787893
1.095513,10.526184
1.386471,10.456321
1.376046,10.656405
1.050955,10.836455
1.064614,10.813701
1.273071,10.699297
1.571086,9.946978
1.571086,9.946978
1.719182,10.419545
1.672865,10.36187
1.504331,10.701945
1.324853,10.481388
1.555575,10.466901
1.915151,10.23223
1.795728,10.464187
1.570115,10.806803
1.45153,10.479002
1.386886,10.359154
1.059634,10.62336
1.307805,10.713218
1.392921,10.378017
1.269649,10.171153
1.968372,10.399121
1.968372,10.399121
1.465863,10.657805
1.459403,10.627847
1.151445,10.531888
1.788202,10.46336
1.35542,10.551945
1.801562,10.222638
1.722502,10.088286
1.722502,10.088286
1.93122,10.470617
1.20393,10.807726
1.48004,10.619338
1.622865,10.483462
1.571086,9.946978
1.571086,9.946978
1.74541,10.16493
1.381181,10.527135
0.981508,10.02991
1.20393,10.807726
1.48004,10.619338
1.93122,10.470617
1.300201,10.459082
1.136679,10.463701
1.399455,10.267108
1.136679,10.463701
1.399455,10.267108
1.399455,10.267108
1.337197,10.586678
1.324853,10.481388
1.337197,10.586678
1.74541,10.16493
0.998555,10.27047
1.495825,10.737922
1.413569,10.628901
1.063127,10.793859
2.025193,10.376822
1.063127,10.793859
1.649041,10.316952
1.563825,10.514335
0.998555,10.27047
1.622502,10.354798
1.206465,10.54711
1.206465,10.54711
1.773618,10.280646
1.863911,10.174728
1.863773,10.160059
1.521412,10.531284
1.480092,10.503916
1.666693,10.305264
1.555264,10.652411
1.555264,10.652411
1.731751,10.080455
1.731751,10.080455
1.536741,10.866252
1.065982,10.743307
1.065982,10.743307
2.025193,10.376822
1.968527,10.280921
1.895315,10.193937
1.063127,10.793859
1.296862,10.577706
1.354849,10.289634
1.044144,10.244752
1.036071,10.242699
1.717678,10.10708
1.127097,10.359518
1.549234,10.785311
1.04711,10.059974
1.041243,10.643915
1.441346,10.58227
1.039297,10.856901
1.900672,10.299277
1.88416,10.287467
1.752567,10.172138
1.727447,10.436004
1.906683,10.300965
1.784098,10.581679
2.079612,10.417218
1.812257,10.539396
1.845337,10.534934
1.872661,10.268941
1.455523,10.27309
1.60445,10.868751
1.103118,10.594296
1.859869,10.501194
1.828855,10.574973
1.707339,10.495981
1.737127,10.44849
1.919607,10.323036
1.751789,10.107876
0.994752,10.543212
2.07087,10.300758
1.848346,10.140039
1.300285,10.186004
1.038885,10.637516
1.396862,10.645773
1.996601,10.317953
1.075346,10.76779
1.860053,10.422454
1.726669,10.421931
1.632695,10.319261
1.15,10.833333
1.003323,10.911992
2.043248,10.204134
1.569079,10.362855
1.426928,10.612129
1.253675,10.470531
1.593336,10.338597
1.593336,10.338597
1.774211,10.465117
1.608013,10.055316
1.438545,10.449974
1.680281,10.346448
1.438545,10.449974
1.910145,10.306102
1.634707,10.412129
1.425147,10.41633
1.334396,10.436419
1.360502,10.294114
1.036755,10.419101
1.8531,10.258675
1.440153,10.448625
1.100837,10.532344
1.770594,10.561861
1.481959,10.679729
1.83757,10.384057
1.8531,10.258675
1.081051,10.420926
1.680921,10.302256
1.468019,10.609497
1.028009,10.04749
1.910145,10.306102
1.634707,10.412129
1.490723,10.599663
1.915151,10.23223
1.795728,10.464187
1.570115,10.806803
1.45153,10.479002
1.386886,10.359154
1.555575,10.466901
1.392921,10.378017
1.715293,10.121308
1.465863,10.657805
1.151445,10.531888
1.788202,10.46336
1.03242,10.351826
1.159062,10.567503
1.35542,10.485381
2.161913,10.311293
1.8115,10.44063
1.578319,10.82073
1.419529,10.615836
1.0054,10.078466
1.35542,10.485381
2.161913,10.311293
1.8115,10.44063
1.0054,10.078466
1.228313,10.681508
1.623487,10.317937
1.425147,10.41633
1.334396,10.436419
1.263388,10.58204
1.251141,10.580937
1.085843,10.75578
1.012218,10.661248
0.97663,10.354183
1.02374,10.018188
1.159062,10.567503
1.895275,10.238425
1.159062,10.567503
1.753034,10.173228
1.718197,10.485848
1.945246,10.244012
0.968797,10.013473
1.847205,10.22433
1.843304,10.233179
1.847205,10.22433
1.486211,10.625735
1.298574,10.511092
1.196884,10.597631
1.195513,10.59033
1.024199,10.787206
1.405368,10.678329
1.60445,10.868751
0.996958,10.344981
1.929732,10.34457
1.859869,10.501194
1.828855,10.574973
1.737127,10.44849
1.848346,10.140039
2.07087,10.300758
1.300285,10.186004
1.396862,10.645773
1.075346,10.76779
1.860053,10.422454
1.726669,10.421931
1.15,10.833333
2.043248,10.204134
1.774211,10.465117
1.426928,10.612129
1.253675,10.470531
1.01403,10.193814
1.593336,10.338597
1.455523,10.27309
2.051715,10.229536
2.051715,10.229536
0.968797,10.013473
1.847205,10.22433
1.196884,10.597631
1.87335,10.553652
1.370254,10.700118
1.508612,10.202162
1.452827,10.602619
1.452827,10.602619
1.381233,10.324231
1.555057,10.13813
1.126564,10.582268
1.107225,10.405715
1.36493,10.566018
1.305484,10.573214
1.067808,10.617503
1.103118,10.594296
1.028009,10.04749
1.639686,10.391572
1.110298,10.771423
1.022997,10.824807
1.764738,10.103032
1.110298,10.771423
1.764738,10.103032
1.528951,10.65044
1.817287,10.428924
1.716122,10.501893
1.503916,10.48118
1.548141,10.771342
1.372087,10.283359
1.570842,10.539271
0.966667,10
1.774343,10.180884
1.774343,10.180884
0.99133,10.013017
1.575825,10.441753
1.717834,10.120375
1.127097,10.359518
1.44145,10.541054
1.575825,10.441753
1.04711,10.059974
1.036071,10.242699
1.900672,10.299277
1.88416,10.287467
1.1946,10.501065
1.891671,10.52631
1.816512,10.468372
1.149696,10.376716
1.878028,10.411086
1.866047,10.503927
1.538875,10.469079
1.040265,10.051927
1.088961,10.108747
1.180291,10.437973
1.088961,10.108747
1.143144,10.515584
1.394165,10.579469
1.843524,10.504961
1.571516,10.355179
1.029777,10.025518
1.947313,10.284366
1.029777,10.025518
1.716102,10.352525
1.604694,10.324542
1.180291,10.437973
1.332944,10.228483
1.149696,10.376716
1.572916,10.372449
1.544457,10.722087
1.469545,10.484655
1.398164,10.383488
1.330247,10.248055
1.165488,10.398498
1.079835,10.754183
1.241243,10.729226
1.923281,10.432507
1.882299,10.539258
1.805167,10.370801
1.779383,10.115932
1.770801,10.514187
1.709328,10.384033
1.065754,10.622827
1.207834,10.64033
1.451725,10.613007
1.079835,10.754183
1.011819,10.053537
1.145513,10.488428
1.593699,10.443543
1.576236,10.435745
1.452383,10.760941
1.048707,10.698316
2.080026,10.321558
1.57908,10.373201
1.418508,10.581803
1.843304,10.233179
1.06256,10.727705
0.978694,10.014918
0.978694,10.014918
0.966667,10
1.341086,10.28201
1.341086,10.28201
0.966667,10
1.568767,10.386886
1.570842,10.539271
1.259899,10.717886
1.830577,10.574169
1.715457,10.106398
1.122523,10.586147
1.309361,10.710729
1.715728,10.153713
1.57126,10.565261
1.029378,10.603651
2.094644,11.30997
2.094644,11.30997
2.157991,11.071491
1.974048,10.99357
1.907823,11.169666
1.86728,11.132251
2.167711,11.157957
2.148133,11.335396
1.981261,11.13226
1.996606,11.323773
1.93255,11.064626
1.896728,11.186285
2.009681,10.78715
2.095367,11.25503
2.134937,11.054578
1.857481,11.254562
1.797084,11.331605
1.9,11.35
2.090798,10.791822
2.016131,11.030776
2.003118,11.172757
2.148745,10.770187
2.048514,10.848067
2.118216,10.978528
2.037718,10.858526
1.968052,11.204877
1.968052,11.204877
1.9,11.35
2.166667,11.3
2.17176,11.167382
2.141221,10.642512
2.090798,10.791822
2.091107,10.605978
2.057227,11.316525
2.003601,10.451429
2.147036,10.948773
2.143237,10.856725
2.147036,10.948773
1.772249,11.322076
1.772249,11.322076
1.977949,11.327153
1.772249,11.322076
1.834042,11.083544
2.134937,11.054578
1.857481,11.254562
1.797084,11.331605
2.016131,11.030776
2.003118,11.172757
2.148745,10.770187
2.083333,11.316667
2.037718,10.858526
1.856073,11.366086
2.094908,11.017171
2.08576,11.000008
1.964587,11.320696
1.95344,11.146528
1.856073,11.366086
2.120039,10.540821
2.070357,11.310382
2.161225,11.30991
2.117238,11.209662
1.983164,10.872558
1.983164,10.872558
2.175561,11.173025
2.155272,11.124903
2.117061,10.895102
1.997885,10.433962
2.175561,11.173025
1.997885,10.433962
2.026462,10.968107
2.140935,10.520211
2.078959,11.064847
2.064989,11.049269
1.805127,11.03861
2.026462,10.968107
2.140935,10.520211
2.125216,10.671354
1.938555,11.109261
1.915496,11.235828
2.021753,11.234064
1.80298,11.019335
1.80298,11.019335
1.791645,11.295838
1.820363,11.397171
1.820363,11.397171
2.066667,11.216667
2.074659,11.311353
2.146116,11.038817
2.146116,11.038817
1.980659,11.331015
1.966382,11.001913
1.980659,11.331015
2.066667,11.216667
2.107941,10.830429
2.066667,11.216667
2.153856,11.027436
2.153856,11.027436
1.82424,11.037114
1.880665,11.315297
1.82424,11.037114
1.883333,11.133333
2.083333,10.438432
2.04687,10.847417
2.04687,10.847417
1.798731,11.392206
1.798731,11.392206
2.083333,10.438432
2.17176,11.167382
2.091107,10.605978
2.003601,10.451429
2.141221,10.642512
2.041188,10.479268
1.95598,11.033018
2.038198,11.060096
2.063636,10.484573
2.144114,10.815978
2.144114,10.815978
2.135667,11.105056
2.151013,10.810404
2.045453,10.582093
2.156563,11.083314
2.156563,11.083314
2.156563,11.083314
2.156563,11.083314
2.135667,11.105056
2.133402,10.41901
2.04958,11.198971
1.795162,11.06538
2.04958,11.198971
1.817213,11.34133
2.045453,10.582093
2.083264,10.696624
2.164977,11.160197
1.863966,11.196823
2.045697,11.003946
2.087762,11.25877
2.069769,11.268487
2.087762,11.25877
2.069769,11.268487
2.120456,10.7
2.046693,10.477132
2.046693,10.477132
1.870399,11.092912
1.787419,11.153472
1.787419,11.153472
1.966667,11.233333
2.087712,10.785645
2.030811,11.291946
1.994516,11.329416
1.993119,11.267597
2.164977,11.160197
1.793033,11.204583
1.793033,11.204583
2.010948,10.537742
1.978518,10.493455
2.045453,10.582093
2.085744,10.451102
1.828756,11.134985
1.824061,11.124591
2.092152,10.694901
2.172852,11.212796
1.936782,10.504853
2.002992,11.315935
2.132523,11.304423
2.011791,10.921448
2.083333,11.05
2.021933,11.261857
2.021933,11.261857
1.939355,11.233556
1.958399,10.532859
1.942482,11.275906
2.001853,11.019828
1.977251,11.246457
1.942482,11.275906
2.151061,11.335279
2.127545,10.533333
2.161575,10.447451
2.151061,11.335279
2.151061,11.335279
2.161575,10.447451
1.95281,11.183242
1.879163,11.150193
2.1,11.083333
2.083269,11.166784
1.95281,11.183242
1.879163,11.150193
2.056509,10.83538
2.138845,10.749587
1.778759,11.23647
1.945514,11.116094
1.977543,10.801588
1.945514,11.116094
2.083333,11.316667
2.033437,10.946624
1.850019,11.345483
2.075888,11.309005
2.007079,10.480439
2.136746,10.935704
2.016667,10.966667
1.99388,10.971175
2.01511,11.158184
1.99388,10.971175
2.136746,10.935704
1.977543,10.801588
1.778759,11.23647
1.945514,11.116094
2.075888,11.309005
2.033437,10.946624
2.050138,10.477752
1.939304,10.473425
2.16284,11.096396
2.16284,11.096396
2.141078,10.863814
2.141078,10.863814
2.024749,10.945986
2.133525,10.928136
2.145954,11.32828
2.15459,10.802796
1.990824,11.193306
2.157411,10.997302
2.007064,11.265288
1.955747,11.016528
2.157411,10.997302
2.007064,11.265288
1.891677,11.222044
2.137375,10.57731
1.907196,11.340486
1.89193,11.272052
1.89193,11.272052
1.907196,11.340486
2.043402,11.24145
2.05,11.116667
1.958399,10.532859
1.982869,11.229762
1.935601,11.084933
1.840437,11.16127
2.055443,10.478303
2.038198,11.060096
1.895701,11.298772
2.085744,10.451102
1.936782,10.504853
1.917975,10.992524
1.930308,11.267944
2.168441,11.239716
1.930373,11.23835
2.168441,11.239716
2.105833,11.168879
1.836168,11.254033
1.983932,11.167222
1.806419,11.248815
2.134676,10.668786
1.856002,11.003292
2.120815,11.230904
2.065387,11.095498
2.047598,11.253976
1.951356,11.318521
1.939152,11.128203
1.86765,11.087728
1.81028,11.169664
1.805716,11.168077
1.76167,11.170497
1.836168,11.254033
1.983932,11.167222
1.806419,11.248815
2.047598,11.253976
2.134676,10.668786
1.951929,11.240586
1.973446,10.823626
1.973446,10.823626
1.884669,11.361201
1.937743,10.496968
1.835073,11.237989
1.937743,10.496968
2.016667,11.183333
1.960001,11.127232
2.156302,11.271335
2.156302,11.271335
1.881838,11.046526
1.982717,10.784544
2.140923,11.130656
1.926204,11.137182
1.828974,11.365278
2.157913,10.98735
2.02727,10.471421
2.073171,10.826049
2.136819,11.309326
1.821405,11.227234
1.821405,11.227234
2.067838,10.615289
2.114324,10.535951
2.063636,10.484573
1.989741,10.427804
1.882795,11.286114
2.060774,11.03965
2.060774,11.03965
1.869774,11.101942
2.066667,11.216667
2.122799,10.728716
2.066569,11.108835
2.066569,11.108835
2.069354,10.463636
1.790557,11.382148
1.790557,11.382148
2.020793,11.314087
1.833333,11.383333
1.833333,11.383333
2.020793,11.314087
1.990298,11.245004
1.926505,11.167544
1.990298,11.245004
1.926505,11.167544
2.114946,11.304425
2.136089,10.613222
1.920019,11.260243
2.115493,11.189522
2.115493,11.189522
2.066667,11.283333
2.132079,11.012909
2.115493,11.189522
2.070268,11.107505
2.158561,11.290807
2.107434,11.304893
1.839589,11.327426
2.1574,11.258859
2.157913,10.98735
2.115493,11.189522
2.046721,10.95891
2.041069,10.872317
1.876544,11.053684
1.889816,11.353595
1.867984,10.981094
1.867984,10.981094
2.14752,10.48788
2.14752,10.48788
2.023419,10.557097
1.995797,10.520043
2.02567,10.755696
2.133595,10.83638
2.109186,10.689213
1.95999,10.5385
2.113237,11.025411
1.909948,11.024613
2.136089,10.613222
2.02567,10.755696
2.109186,10.689213
1.95999,10.5385
2.133595,10.83638
2.136089,10.613222
2.136089,10.613222
2.136089,10.613222
1.909948,11.024613
1.920019,11.260243
2.106476,10.532782
2.106476,10.532782
2.113237,11.025411
2.1574,11.258859
2.121704,11.053299
2.087296,11.110661
2.016667,10.95
1.963359,10.846163
1.930233,11.330449
2.067126,10.497152
2.016667,10.95
1.963359,10.846163
1.951356,11.318521
1.86765,11.087728
1.839589,11.327426
1.914385,11.158882
2.085352,11.212053
2.02727,10.471421
2.073171,10.826049
1.941233,10.486732
2.085352,11.212053
2.067838,10.615289
2.067126,10.497152
2.12521,10.674016
1.820422,11.030298
2.134895,10.576902
2.083333,11.283333
2.092152,10.694901
2.158071,11.110912
2.11429,10.685349
2.078066,10.458329
2.138796,11.317016
2.080945,10.520434
2.048071,10.586158
1.813194,11.344279
1.813194,11.344279
2.097726,10.528234
2.13122,10.73811
1.94657,10.494611
2.12052,10.887906
2.011623,10.463733
2.009472,10.454736
1.888203,11.187718
2.102297,10.531771
2.033281,10.570904
2.033281,10.570904
1.828835,11.363129
1.951131,11.047006
2.067442,10.712843
2.067442,10.712843
1.773605,11.296577
1.940964,11.321092
1.773605,11.296577
2.033281,10.570904
2.023159,10.469699
2.066667,11.25
1.928594,11.219263
1.928594,11.219263
2.023159,10.469699
2.041069,10.872317
1.876544,11.053684
1.889816,11.353595
2.062312,11.191071
2.13048,11.241344
2.13048,11.241344
1.768021,11.374283
1.873531,10.975048
2.034068,10.477729
1.91944,11.329634
2.126138,11.302019
2.034068,10.477729
1.91944,11.329634
1.879677,11.256487
1.879677,11.256487
1.807861,11.290997
1.833318,11.194429
2.05,10.916667
1.783333,11.316667
1.886841,11.147952
1.886841,11.147952
2.161956,10.981397
2.167,11.250244
2.06897,10.92075
2.167,11.250244
1.94546,11.162595
2.161956,10.981397
2.134895,10.576902
2.001297,11.09186
2.158071,11.110912
2.11429,10.685349
2.048071,10.586158
2.048071,10.586158
2.080945,10.520434
1.813194,11.344279
2.102297,10.531771
2.138796,11.317016
2.12052,10.887906
2.009472,10.454736
2.011623,10.463733
1.888203,11.187718
2.158561,11.310839
2.158561,11.310839
2.15356,11.069426
2.130189,10.926071
2.024749,10.945986
1.942624,11.055496
2.019561,10.468321
2.019561,10.468321
2.082713,11.086723
2.082713,11.086723
2.032424,11.216068
2.027326,10.884014
1.89458,11.098392
1.830423,11.39114
2.156921,10.800534
2.156921,10.800534
2.027326,10.884014
1.89458,11.098392
1.830423,11.39114
2.001476,10.976809
2.001476,10.976809
2.10937,10.607388
2.10937,10.607388
1.873321,11.369859
2.024996,10.624669
1.909961,11.123973
1.928884,11.089572
1.928884,11.089572
2.093079,11.157374
2.077129,11.130562
2.115369,11.228021
2.070939,10.50689
2.175355,11.208917
2.093079,11.157374
2.115369,11.228021
1.994472,11.2498
2,11.183333
2.007407,11.070539
1.79255,11.24669
1.904928,11.175955
2.057706,11.165562
1.962366,11.274153
2.154761,11.316519
2.154426,11.280037
2.159037,10.968049
2.14628,10.4354
2.08307,10.99916
2.049222,11.308891
2.029591,11.289978
2.08307,10.99916
2.107125,11.25697
2.136934,11.248286
2.107441,10.751102
2.059439,10.615151
1.931817,10.524866
2.011623,10.463733
2.039767,10.926268
2.040149,11.135603
2.182265,11.194516
2.032424,11.216068
1.786003,11.000903
2.029681,11.20022
2.025984,10.440135
2.132523,11.304423
2.145036,10.630352
1.448327,9.627097
1.129175,9.953853
1.792863,9.777004
1.003549,9.984448
0.971737,9.982927
1.479987,9.756389
1.193104,9.616971
1.084956,9.642293
1.084956,9.642293
1.097871,9.721433
1.136984,9.932624
1.136984,9.932624
1.86086,10.011212
1.091851,9.66403
1.091851,9.66403
1.452282,9.656742
1.250203,10.156794
1.271636,9.433942
1.120622,9.451927
1.070165,9.955248
1.748545,9.775988
2.028246,10.076931
1.699602,9.810707
1.016591,9.932421
1.016591,9.932421
1.768422,9.962479
1.813549,9.922442
1.105273,9.630088
1.879383,9.853316
1.064157,9.646653
1.790509,9.928837
1.248408,9.43981
1.899543,10.003063
1.696951,9.750246
1.230798,10.148479
2.028246,10.076931
1.854591,9.849966
1.495437,9.591547
1.21109,9.874815
1.162408,9.616464
1.701273,9.750164
2.022734,9.877543
1.091851,9.66403
1.250203,10.156794
1.271636,9.433942
1.070165,9.955248
1.195133,9.887085
1.105273,9.630088
1.768422,9.962479
1.879383,9.853316
1.85,9.9
1.230798,10.148479
1.831601,9.794457
1.189924,9.833941
2.111585,9.858721
1.849371,10.05766
1.109822,9.743764
1.109822,9.743764
1.935027,9.9085
1.935027,9.9085
1.837891,9.938015
1.583333,9.65
1.771725,9.775572
1.598234,9.663212
1.125033,9.9118
1.106084,10.158757
1.175413,9.485995
1.967375,9.993286
1.920701,9.87859
1.817622,9.881547
1.812405,9.887239
1.921625,9.986474
1.921625,9.986474
2.028932,10.163352
1.667937,9.735365
0.932451,9.32475
0.932451,9.32475
0.932451,9.32475
1.270394,9.396577
1.533857,9.894641
1.106084,10.158757
1.087212,9.953042
1.483029,9.681812
2.069346,9.807859
1.070115,9.600888
1.979845,9.91967
1.95465,9.920178
1.26507,9.43379
1.26507,9.43379
1.945034,9.963618
1.945034,9.963618
0.965678,9.966135
1.994664,9.857936
1.016667,10
1.994664,9.857936
1.224409,9.824105
1.218999,9.623294
1.203245,9.627147
1.108833,10.219177
2.008399,10.047468
2.008399,10.047468
1.778166,10.018665
1.129175,9.953853
1.013853,9.932725
1.410158,10.023764
1.735423,9.68128
1.804181,9.938064
1.804181,9.938064
1.796273,9.959461
1.801594,9.851432
1.505375,9.67265
1.505375,9.67265
1.796273,9.959461
1.253422,9.412712
2.111431,10.022248
2.111431,10.022248
1.198783,9.938809
1.095538,9.640432
1.735423,9.68128
1.350913,9.464538
1.899476,9.901909
1.10142,9.728009
1.198783,9.938809
1.095538,9.640432
1.316566,9.452839
1.131888,9.47085
1.806537,9.85134
1.086071,9.704031
1.113219,9.629277
0.973675,9.500642
1.488099,9.562002
1.674359,9.83665
1.639005,9.79341
1.271382,9.563548
1.249696,9.555487
1.524543,9.597293
1.909124,9.906199
1.183637,9.847465
1.864532,9.768278
1.672734,9.922272
0.91795,9.305038
1.125221,9.45
0.91795,9.305038
0.91795,9.305038
0.930999,9.31029
0.915448,9.305615
1.007845,9.92948
1.65,9.616667
1.523607,9.579637
1.182116,9.404867
0.976274,9.500385
2.276861,9.803573
1.574018,9.613409
1.909124,9.906199
1.116287,9.972077
1.116287,9.972077
1.844213,10.079268
2.188538,9.792054
2.170386,9.801247
1.125221,9.45
2.236012,9.790971
0.986028,9.506956
0.930197,9.309319
2.028067,9.785217
0.930197,9.309319
1.237085,9.391583
1.412788,9.475955
1.672734,9.922272
1.469101,9.633333
1.592457,9.692619
2.009491,9.860015
1.791925,9.871225
1.861206,9.975202
1.732525,9.967453
1.633056,9.671569
1.897182,10.030163
1.858662,9.805949
1.910417,9.846258
1.83987,9.761262
1.101825,10.134018
1.683117,9.828775
2.068076,9.983517
0.974392,9.509395
1.329987,9.607504
2.203911,9.852982
1.592457,9.692619
1.910417,9.846258
1.633056,9.671569
1.489037,9.621915
1.123512,9.906476
1.854547,10.031059
1.938622,9.883333
1.709124,9.849723
1.866136,9.797044
1.829422,9.764696
1.845719,9.923997
1.852333,9.900231
1.782809,9.9305
1.870332,9.88709
1.870332,9.88709
1.517447,9.572744
2.005919,9.860138
1.414233,9.649898
1.414233,9.649898
1.636998,9.8695
1.887799,9.856899
1.502434,9.804462
1.85492,9.914912
1.778067,9.952895
1.495944,9.905411
1.165957,9.401318
1.150456,9.619709
1.470698,9.84962
1.426098,9.623157
1.426098,9.623157
1.11758,9.93744
1.482826,9.555578
0.986028,9.506956
1.614502,9.638982
0.930999,9.31029
1.083333,9.85
2.223499,9.874708
2.215261,9.869385
1.614502,9.638982
1.883181,9.788026
1.85,9.75
1.883181,9.788026
1.883181,9.788026
1.13706,9.484473
0.973675,9.500642
1.85,9.75
1.860883,9.925439
1.15967,9.890721
1.245361,9.619481
1.235691,9.624283
1.633181,9.92996
1.85,9.75
1.81802,9.910519
0.969937,9.898935
1.844213,10.079268
2.099433,9.766401
2.32599,9.78849
2.099433,9.766401
0.925568,9.306225
1.182844,9.363357
1.27626,9.597643
1.102966,9.409442
1.34209,9.607084
1.115349,9.438606
1.237186,9.818695
1.34209,9.607084
1.215247,9.515349
1.186781,9.371737
1.387715,10.051738
1.390257,10.03533
0.974079,9.504043
1.150101,9.54422
1.084246,9.693003
1.852345,9.764367
1.417876,9.616326
1.108555,9.413523
0.904179,9.306209
1.421458,9.487592
1.149696,9.591445
1.551674,9.587163
0.932595,9.316602
1.458555,9.5382
0.897818,9.31179
0.930517,9.309784
1.203346,9.377654
1.458555,9.5382
1.458555,9.5382
1.877549,9.84825
1.577072,9.614612
1.8546,9.765811
2.134618,9.787317
2.231913,9.891476
1.858794,9.857771
0.890143,9.321913
2.064536,9.990045
1.091167,10.112484
1.627169,9.706006
1.520015,9.687778
2.125089,9.963598
1.089569,9.875119
0.899134,9.304909
1.8477,9.76731
0.897112,9.313298
1.596398,9.747286
1.241445,9.816802
1.674734,9.808372
1.15967,9.890721
2.139408,9.789514
1.15967,9.890721
1.206084,9.37735
2.246144,9.791959
2.015517,9.866362
1.216971,9.848682
1.299594,9.757473
1.858997,9.790447
1.924785,9.94266
1.478939,9.735729
1.835949,9.742288
1.335226,9.607534
1.338491,9.607099
1.52729,9.821492
1.755479,9.775655
1.773143,10.042628
1.200521,9.910941
1.495552,9.566383
1.000095,9.97069
1.087308,9.568433
1.508888,9.595028
1.087308,9.568433
1.17877,9.42374
0.933501,9.317196
1.835949,9.742288
1.335226,9.607534
1.52729,9.821492
2.218493,9.803552
0.902156,9.335782
1.846296,9.797727
1.659606,9.814468
1,10
1.143687,9.55
1.250684,9.4118
0.932972,9.31053
0.932451,9.32475
0.932451,9.32475
0.902156,9.335782
1.527448,9.576264
2.099433,9.766401
1.024967,9.955552
1.921605,9.984178
1.04787,9.609163
1.813781,9.822304
1.813781,9.822304
1.407287,10.012389
1.364098,9.607202
1.351758,9.605101
0.985539,9.966971
1.741822,9.774424
0.985539,9.966971
1.433333,5.633333
1.527039,9.891135
2.231304,9.870083
2.041877,10.138011
1.032725,9.937745
0.898387,9.310865
1.457986,9.663815
1.171002,9.814993
1.820802,9.871148
1.726889,9.862509
1.278846,9.421839
1.835949,9.742288
1.835949,9.742288
1.96368,9.940945
1.180189,9.687223
1.187795,9.675018
0.932972,9.31053
1.456845,9.55697
1.17877,9.42374
0.899134,9.304909
0.899134,9.304909
0.897112,9.313298
1.214335,9.962408
1.439012,9.620013
1.25,10
1.727215,9.881937
1.453118,9.929683
2.139408,9.789514
1.512509,9.647141
1.050608,9.57948
1.453118,9.929683
1.477654,9.783434
1.467352,9.884854
1.456845,9.55697
1.477654,9.783434
1.467352,9.884854
2.33756,9.821148
1.711863,9.837768
0.998574,9.944809
0.998574,9.944809
1.711863,9.837768
1.78053,9.780992
1.827297,9.79499
1.86163,9.988151
1.875792,9.780705
1.917908,9.827931
1.884686,9.904566
1.858175,10.039539
1.566667,9.6
1.107605,9.399543
0.888788,9.322001
0.888788,9.322001
0.888788,9.322001
0.888788,9.322001
0.888788,9.322001
0.89205,9.318108
0.930469,9.307161
0.930469,9.307161
0.930469,9.307161
1.866667,9.783333
0.906112,9.304837
0.932394,9.326884
1.206084,9.37735
0.933501,9.317196
1.314233,9.762941
1.299594,9.757473
2.253626,9.78786
1.449899,9.557439
1.439417,9.516059
1.123522,9.62261
1.200521,9.910941
1.395806,9.46616
1.373512,9.469557
0.891044,9.318667
1.85,9.75
1.445842,9.523259
1.445842,9.523259
2.337121,9.822061
1.566667,9.85
1.566667,9.85
1.257453,9.397338
0.906112,9.304837
2.139408,9.789514
2.139408,9.789514
1.616667,9.65
1.633333,9.616667
1.570247,9.593117
1.633333,9.616667
1.443916,9.535082
1.579601,9.602015
1.115349,9.438606
1.115349,9.438606
1.215247,9.515349
1.783333,9.616667
1.565065,9.620275
1.111115,9.915146
1.084246,9.693003
1.084246,9.693003
1.864532,9.768278
0.904179,9.306209
0.932595,9.316602
1.421458,9.487592
1.203346,9.377654
1.086755,9.70967
0.892001,9.322041
1.864149,9.785827
1.864149,9.785827
0.892001,9.322041
2.177451,9.813956
1.080291,9.696121
1.736678,10.047796
2.26815,9.789344
2.26815,9.789344
0.932451,9.32475
0.932451,9.32475
1.695842,9.641068
1.528559,9.576311
2.142387,10.172116
1.527212,9.940771
1.876588,9.815681
1.195589,9.373892
1.436984,9.972067
2.028737,9.906744
1.131432,9.773674
2.204558,9.792613
1.882625,9.95133
1.501749,9.596198
1.72024,9.787676
1.708593,9.777481
1.767437,9.747475
2.166636,9.910138
1.166591,9.840798
1.087896,9.693395
1.421991,9.636158
1.131432,9.773674
1.481067,9.823902
1.258833,9.775195
0.913763,9.305455
1.133333,10
1.72024,9.787676
1.271839,9.598885
2.166636,9.910138
1.118999,9.450405
1.54886,9.585366
1.106932,9.739352
1.250076,9.461267
1.745669,10.036678
1.524995,9.683056
0.913763,9.305455
1.107042,9.748462
1.218036,9.880443
1.515382,9.625452
1.128161,9.985995
1.141876,9.895639
1.141876,9.895639
1.410988,9.616261
1.708982,9.672246
1.464614,9.59635
1.452054,9.606541
1.645473,9.792855
1.099924,9.958986
1.099924,9.958986
1.834435,10.088845
1.651916,9.697591
1.62027,9.716421
1.532063,9.656929
1.464309,9.841102
1.526229,9.810753
1.19322,9.885082
1.19322,9.885082
2.142559,10.148553
1.833333,9.75
1.833333,9.75
1.686752,9.62933
2.161018,9.795288
1.226843,9.843815
1.132268,9.799316
1.696685,9.963792
1.688954,9.846642
1.576183,9.849323
1.44749,9.640873
1.165146,9.93995
1.146882,9.924967
1.493611,9.663701
1.952864,9.848768
1.001825,9.932345
1.731165,10.023093
1.963982,9.867602
1.781185,9.933749
1.208352,9.830392
1.781185,9.933749
1.527697,9.904619
1.208352,9.830392
1.208352,9.830392
0.991947,9.505594
1.607264,9.819271
1.607264,9.819271
1.150101,9.572751
1.574018,9.613409
1.932217,9.886048
1.932217,9.886048
1.864384,9.997996
1.109214,9.968721
1.083333,9.85
2.099433,9.766401
2.093632,9.766896
2.223161,9.79319
1.302282,9.600989
2.003627,9.913039
1.811982,10.046142
1.982431,10.0069
1.38891,9.618492
1.377517,9.616464
2.12975,10.035813
1.734821,9.901251
1,10
1,10
1.103853,9.406628
1.260141,9.397946
1.260141,9.397946
1.554532,9.589928
1.557264,9.592499
1.673973,9.620853
1.23313,9.440873
1.982431,10.0069
0.976274,9.500385
1.536867,9.605522
1.534551,9.587291
1.815449,9.901141
1.001825,9.907464
0.895013,9.318868
1.569238,9.847396
1.144285,9.425525
1.192764,9.373979
1.233333,10
1.727463,10.015197
1.222549,10.018391
1.38891,9.618492
1.377517,9.616464
1,10
1.135158,9.805932
1,10
1.218695,9.387187
1.865224,9.980963
1.203853,9.858656
1.861706,10.045683
1.203853,9.858656
1.231117,9.387744
1.662946,9.715822
1.486299,9.729454
1.489555,9.592598
1.216059,10.12228
1.216059,10.12228
1.216059,10.12228
1.211647,10.113701
1.198479,10.099696
1.095969,9.719481
1.244448,9.391558
1.103853,9.406628
1.662946,9.715822
1.486299,9.729454
1.489555,9.592598
1.197642,9.956388
1.23313,9.440873
1.003346,9.868796
1.470115,9.692597
1.471332,9.68455
1.153434,9.808985
1.150399,9.82123
1.216059,10.12228
1.858084,10.010053
1.861706,10.045683
1.11469,10.241938
1.159811,10.069481
1.536867,9.605522
1.534551,9.587291
1.51435,9.837147
1.244448,9.391558
1.175347,10.085006
1.165602,10.076032
1.159811,10.069481
1.479784,9.811799
1.475626,9.768188
1.637393,9.820716
1.109634,9.776539
2.215517,9.793405
1.879883,9.819947
1.857995,9.842804
1.133333,10
1.271839,9.598885
1.271839,9.598885
2.135538,10.01483
1.871233,9.781938
1.696685,9.963792
1.232623,9.819607
1.745669,10.036678
1.908685,9.986952
1.834104,9.765654
1.802165,9.94956
1.515382,9.625452
1.518696,9.602816
1.410988,9.616261
1.884686,9.904566
1.834435,10.088845
1.221458,10.124834
1.183739,9.488845
1.265906,9.426108
1.518176,9.594334
1.776365,9.786099
1.143916,9.622548
1.520015,9.663242
1.518176,9.594334
1.128668,9.390265
1.125794,9.633739
1.036274,9.582826
1.612948,9.736844
0.916643,9.331985
1.981649,9.853696
1.981649,9.853696
2.099433,9.766401
1.531485,9.891951
1.229885,9.821737
2.139764,10.180853
2.095588,9.802726
2.040139,9.940699
1.86214,9.937399
1.748727,9.893019
1.931824,9.974709
1.713143,9.800416
2.18525,9.835661
1.760009,9.98996
2.055759,9.953547
1.817239,9.807589
1.993346,10.030852
1.56076,9.614034
1.535013,9.626785
1.001369,9.860811
1.179758,9.616134
1.172244,9.617579
1.500684,9.84422
1.242496,9.976234
1.134854,9.947338
1.179758,9.616134
1.172244,9.617579
2.202926,9.88204
2.061893,9.966113
1.826098,10.094497
1.917622,9.936352
1.760678,10.006011
1.468898,9.83242
1.515264,9.692308
1.227451,9.835868
1.130823,9.926326
1.000513,9.86564
2.088236,9.996535
2.032571,9.913526
2.029104,9.928652
1.858794,9.857771
1.840378,9.784894
1.633333,9.716667
1.8646,10.047038
1.001521,9.893155
1.431609,9.689823
1.486299,9.560963
1.163016,9.908833
1.683333,9.733333
1.163016,9.908833
1.703295,9.855975
1.148682,9.374004
2.032571,9.913526
1.183485,10.095741
1.543971,9.588461
1.144285,9.425525
1.853996,9.828067
1.381127,9.640189
0.966198,9.933573
0.953118,9.937364
0.966198,9.933573
0.934398,9.320481
1.381127,9.640189
1.359481,9.663397
2.049532,9.814553
1.240837,9.476336
1.005552,9.9255
2.15152,9.793597
1.005552,9.9255
2.15152,9.793597
1.91561,9.900208
2.241494,9.848214
1.752824,9.83711
1.25289,9.395436
1.504411,9.816601
1.258727,9.458624
1.076868,9.584474
0.895693,9.315319
0.895693,9.315319
1.239493,9.391558
1.192764,9.373979
1.258727,9.458624
1.467352,9.854335
1.799359,9.800243
2.022263,9.833957
1.704891,9.750049
2.215517,9.793405
2.215517,9.793405
1.765298,9.776854
2.139764,10.180853
2.095588,9.802726
1.917622,9.936352
1.760678,10.006011
2.18525,9.835661
1.760009,9.98996
1.931824,9.974709
1.56076,9.614034
1.535013,9.626785
1.229885,9.821737
1.500684,9.84422
1.242496,9.976234
1.179758,9.616134
1.134854,9.947338
1.826098,10.094497
1.515264,9.692308
1.227451,9.835868
2.083039,9.809321
1.899723,10.003018
2.12772,9.869623
2.083039,9.809321
1.899723,10.003018
1.158898,9.833257
1.158898,9.833257
1.285361,9.599696
1.707853,9.937373
1.537508,9.68614
1.112408,9.426032
1.150532,9.457921
1.48171,9.631001
1.460887,9.637451
1.473208,9.561647
1.265754,9.600685
1.172244,9.464233
1.13417,9.970394
1.063853,9.951445
1.172244,9.464233
1.114766,9.764158
1.114766,9.764158
1.114766,9.764158
1.14498,9.810405
1.005096,9.849468
1.005096,9.849468
1.73197,9.76348
1.841487,9.777189
1.956204,9.97243
1.817984,9.767083
1.802679,9.775018
1.94535,9.854533
2.215517,9.793405
1.518176,9.594334
1.514242,9.572811
1.158898,9.833257
1.683333,9.733333
1.199392,9.376032
1.785804,9.729868
1.644351,9.821563
1.10825,9.741583
1.10825,9.741583
1.697013,9.877851
1.500837,9.702205
1.141319,9.384246
1.001521,9.893155
1.053879,9.960887
1.431711,9.620824
1.10825,9.741583
1.113625,9.435311
1.896882,9.872893
1.8373,9.788809
1.800953,9.902771
1.09071,10.118644
1.09071,10.118644
1.56807,9.596986
0.9,9.3
1.500837,9.702205
1.141319,9.384246
1.001521,9.893155
1.85,9.75
1.053879,9.960887
1.883142,9.881046
1.327781,9.606653
1.145944,9.561698
1.126174,9.795133
1.261597,9.570216
1.261597,9.570216
1.261597,9.570216
1.751594,9.778806
1.233333,9.05
1.940018,9.815939
1.940018,9.815939
1.233333,9.05
1.327781,9.606653
1.573296,9.82317
1.15,10
1.002814,9.913168
1.879799,9.941695
1.153118,9.375271
1.153118,9.375271
1.65,9.616667
0.931846,9.323555
1.65,9.616667
1.568139,9.619924
1.084246,9.693003
1.113397,9.422067
2.093632,9.766896
2.257408,9.789484
1.042775,9.580291
1.574018,9.613409
2.338125,9.822115
1.835949,9.742288
1.479854,9.663073
1.496349,9.630519
1.894612,9.824948
1.455761,9.534531
1.574018,9.613409
1.15616,9.409366
2.029104,9.928652
1.433333,5.633333
1.902987,9.898398
1.679976,9.830438
1.280367,9.406019
1.18891,9.865957
1.430519,9.498099
1.958383,9.831424
1.958383,9.831424
1.573296,9.82317
1.573296,9.82317
1.573296,9.82317
1.554882,9.816584
1.759899,9.968838
1.573296,9.82317
1.554882,9.816584
1.47123,9.873436
1.560086,9.596616
1.548368,9.609645
0.9,9.3
0.9,9.3
2.257408,9.789484
1.197059,9.620455
1.082725,9.701749
2.094673,9.836338
1.807186,9.981553
1.700029,9.653155
0.905519,9.304404
1.503042,9.568188
0.9,9.3
1.563738,9.593174
0.986148,9.503537
0.894193,9.318977
1.276108,9.401445
0.895307,9.31568
0.896583,9.305752
1.573296,9.82317
1.264918,9.398402
1.940018,9.815939
1.85,9.75
1.940018,9.815939
1.123512,9.767352
2.028067,9.785217
1.095056,9.636375
1.570388,9.615355
1.579601,9.602015
1.262408,9.398631
1.758229,9.999063
1.768782,9.863023
0.934127,9.318135
2.224186,9.887353
0.934127,9.318135
1.88625,9.804306
1.772868,9.848058
1.280291,9.415374
1.417782,9.477857
1.165957,9.774612
1.224881,9.721839
1.224881,9.721839
1.213399,9.386785
1.198631,9.848917
1.675583,10.630729
1.114715,10.999265
1.839739,10.863641
1.199183,11.289321
1.839739,10.863641
1.603034,10.669753
1.927619,10.766186
1.834133,10.685138
1.636712,10.843467
1.187109,11.010508
1.187109,11.010508
1.924322,10.82914
1.886153,10.894528
1.348454,10.886947
1.114715,10.999265
1.335372,10.991074
1.039289,11.004537
1.039289,11.004537
1.856706,10.77634
1.551615,11.282103
1.325278,11.031185
1.858436,10.702997
1.795541,10.5988
1.603283,11.025346
1.8504,10.709694
1.818668,10.618896
1.609939,11.307412
1.609939,11.307412
1.108951,11.257487
1.990021,10.62716
1.981332,10.61861
1.821125,10.711809
1.334146,11.004434
1.349701,11.143
1.108951,11.257487
1.906389,10.77834
1.613996,10.642505
1.930224,10.792925
1.779127,10.859118
1.720292,10.975172
1.620959,10.926346
1.296832,10.936907
1.620959,10.926346
1.543404,11.308763
1.838935,10.72493
1.365279,11.249259
1.392462,11.229868
1.566952,11.182136
1.931142,10.87933
1.8504,10.709694
1.818668,10.618896
1.566952,11.182136
1.854801,10.601748
1.72449,11.042745
1.327706,10.981075
1.327706,10.981075
1.744421,10.777239
1.744421,10.777239
1.72449,11.042745
1.72449,11.042745
1.72449,11.042745
1.854801,10.601748
1.501468,11.085913
1.911431,10.649173
1.551615,11.282103
1.858436,10.702997
1.795541,10.5988
1.903372,10.716667
1.906389,10.77834
1.990021,10.62716
1.821125,10.711809
1.609939,11.307412
1.930224,10.792925
1.296832,10.936907
1.720292,10.975172
1.620959,10.926346
1.543404,11.308763
1.349701,11.143
1.108951,11.257487
1.848209,10.709433
1.023491,10.993784
1.898057,10.754401
1.784876,10.625502
1.648498,11.099335
1.742644,11.134455
1.831561,10.621983
1.799114,10.767211
1.659447,11.057942
1.23406,10.845823
1.222161,10.827877
1.007889,10.982515
1.742644,11.134455
1.853234,10.694855
1.813923,10.61741
1.813923,10.61741
1.764781,10.598686
1.59913,11.302638
1.314199,10.968431
1.312946,10.862499
1.804973,10.598914
1.287192,10.896939
1.824155,10.757602
1.959693,10.747828
1.824155,10.757602
1.478576,11.10566
1.848389,10.766753
1.478576,11.10566
1.848389,10.766753
1.767867,10.591278
1.330044,11.290841
1.527098,11.097254
1.826719,10.75627
1.143346,11.267997
1.500361,11.134151
1.093428,11.246621
1.749829,11.220298
1.756768,10.610002
1.59367,11.235924
1.469689,11.309029
1.086889,11.228848
1.25402,10.856458
1.680501,11.183657
1.756768,10.610002
1.469689,11.309029
1.680501,11.183657
1.086889,11.228848
1.324057,11.016097
1.322023,10.887092
1.938963,10.824982
1.752463,10.610625
1.310185,10.965127
1.683206,11.039492
1.67866,11.05282
1.67866,11.05282
1.911431,10.649173
1.855919,10.689941
1.523027,11.054876
1.30105,10.779745
1.855919,10.689941
1.696707,11.018621
1.863498,10.593731
1.921998,10.844557
1.317423,10.89414
1.863498,10.593731
1.869509,10.749432
1.93664,10.728682
1.535329,11.028486
1.52361,11.019618
1.854763,10.828685
1.60249,11.12235
1.60249,11.12235
1.398674,11.027103
1.365536,11.006934
1.869509,10.749432
1.854763,10.828685
1.685405,11.266192
1.756535,10.830921
1.756535,10.830921
1.795246,10.663429
1.89876,10.677415
1.798205,10.772059
1.539511,11.197396
1.51811,11.299711
1.483694,11.270564
1.341313,11.115849
1.319607,11.07243
1.213402,10.987339
1.699924,11.306413
1.644853,11.279612
1.483694,11.270564
1.676443,10.583981
1.63284,10.730299
1.602723,10.684345
1.719649,10.642609
1.68861,11.07004
1.492629,11.25526
1.301855,10.829012
1.623789,11.325856
1.800276,10.684436
1.391387,11.31278
1.355044,11.312434
1.800276,10.684436
1.753892,11.320217
1.697372,11.373572
1.644684,10.746188
1.567636,11.299563
1.566667,11.15
1.683162,11.02898
1.753892,11.320217
1.726772,10.721464
1.569613,11.174898
1.328448,11.027193
1.302186,11.269196
1.328448,11.027193
1.867769,10.590498
1.168772,11.006315
1.70435,11.376358
1.339929,11.311401
1.314742,11.048475
1.974273,10.602353
1.679233,10.844458
1.653502,11.292078
1.365279,11.249259
1.860623,10.814981
1.679284,11.37102
1.736153,10.93571
1.854685,10.706132
1.920698,10.630026
1.51718,11.2069
1.920698,10.630026
1.974273,10.602353
1.653502,11.292078
1.365279,11.249259
1.860623,10.814981
1.493442,11.302528
1.894161,10.53478
1.646711,11.299221
1.045359,11.143376
1.721257,10.679418
1.346597,11.161211
1.493442,11.302528
1.866646,10.752287
1.645566,11.332321
1.631209,10.960722
1.405542,11.326259
1.269271,10.886204
1.657558,10.922733
1.712567,11.242746
1.806706,10.700735
1.806706,10.700735
1.918665,10.52472
1.129846,11.266032
1.224102,10.882297
1.537433,11.30356
1.525543,11.374011
1.712567,11.242746
1.712567,11.242746
1.571038,11.175628
1.701217,11.252388
1.489686,11.081215
1.683558,11.207971
1.652644,11.071976
1.613918,10.803109
1.456529,11.32302
1.38491,11.22716
1.3232,11.111305
1.032477,11.026529
1.258782,10.910043
1.59367,11.235924
1.59367,11.235924
1.824728,10.64558
1.758696,11.26491
1.318283,10.854277
1.045359,11.143376
1.824728,10.64558
1.045359,11.143376
1.045359,11.143376
1.771559,10.740492
1.738914,10.61488
1.771559,10.740492
1.777913,10.603308
1.777913,10.603308
1.82509,10.59473
1.695457,11.096104
1.271722,10.937739
1.030621,11.067351
1.916066,10.938172
1.745056,11.057043
1.263478,10.926243
1.716496,11.373947
1.947428,10.564783
1.301855,10.829012
1.681936,11.165175
1.862619,10.810102
1.641218,10.8768
1.391759,11.063918
1.907572,10.634711
1.922134,10.757434
1.726084,10.992025
1.733255,10.644217
1.657965,11.249411
1.535451,11.152298
1.535451,11.152298
1.835245,10.74969
1.650135,11.336352
1.083018,11.167974
1.914981,10.738234
1.799922,10.599884
1.054534,11.162533
1.84105,10.670801
1.84105,10.670801
1.889189,10.647657
1.657965,11.249411
1.914981,10.738234
1.914981,10.738234
1.054534,11.162533
1.747524,10.793469
1.667731,11.338967
1.875251,10.774526
1.764947,11.192959
1.772169,10.600957
1.720941,10.868984
1.629897,10.767908
1.892714,10.598554
1.148877,11.268838
1.148877,11.268838
1.723919,10.748633
1.720941,10.868984
1.740417,10.875527
1.74707,10.668249
1.696707,11.018621
1.627422,11.313462
1.139625,11.268207
1.380387,11.043822
1.907028,10.69907
1.878476,10.557365
1.576695,11.292616
1.878476,10.557365
1.528871,11.299843
1.766667,10.8
1.649525,10.844621
1.907028,10.69907
1.679322,11.119157
1.733255,10.644217
1.676818,11.09973
1.256509,11.266309
1.746593,11.378671
1.711097,11.320107
1.017172,10.960548
1.901102,10.614393
1.901102,10.614393
1.118619,11.25843
1.656504,11.33805
1.70621,11.004486
1.656504,11.33805
1.866646,10.752287
1.74933,10.7932
1.942766,10.732144
1.829199,10.691043
1.900413,10.707986
1.144924,11.26561
1.900413,10.707986
1.871628,10.674606
1.518131,11.033276
1.667731,11.338967
1.799922,10.599884
1.763911,10.610604
1.263531,10.796293
1.907028,10.69907
1.820594,10.757751
1.06636,10.998169
1.679322,11.119157
1.872002,10.821414
1.860961,10.785374
1.70293,10.620634
1.522763,11.296103
1.942525,10.572315
1.973367,10.603859
1.757085,10.80369
1.749199,10.798951
1.61566,11.116862
1.506992,11.294482
1.722361,10.944199
1.870698,10.585452
1.870698,10.585452
1.722361,10.944199
1.720817,11.37365
1.722361,10.944199
1.720817,11.37365
1.901234,10.662159
1.2836,10.896418
1.823901,10.593455
1.848209,10.709433
1.395202,11.237356
1.901234,10.662159
1.763911,10.610604
1.723867,10.955061
1.937985,10.890614
1.304348,10.804206
1.28464,11.274532
1.06636,10.998169
1.726084,10.992025
1.739077,10.677713
1.79752,10.671077
1.739609,10.826822
1.835245,10.74969
1.650135,11.336352
1.739077,10.677713
1.739609,10.826822
1.083018,11.167974
1.90836,10.656155
1.696707,11.018621
1.627422,11.313462
1.627422,11.313462
1.766667,10.8
1.649525,10.844621
1.554747,11.096102
1.674488,11.343796
1.330743,10.987016
1.527957,11.205121
1.95594,10.797176
1.376935,11.218717
1.829199,10.691043
1.953376,10.628373
1.831128,10.740354
1.467964,11.09988
1.844764,10.603675
1.91678,10.936162
1.313121,11.039303
1.08904,11.244351
1.918697,10.784117
1.898987,10.816914
1.598075,11.304586
1.896762,10.742014
1.691709,10.594373
1.827752,10.725633
1.673059,10.997933
1.534228,11.20159
1.673059,10.997933
1.721309,10.596344
1.936273,10.600092
1.590444,11.15838
1.63467,11.112443
1.961299,10.584619
1.577425,11.168638
1.685741,11.15528
1.28467,10.95364
1.847525,10.839693
1.418899,11.328588
1.306928,10.805238
1.366841,11.20143
1.678095,11.1951
1.84105,10.670801
1.736153,10.93571
1.391387,11.31278
1.598075,11.304586
1.306928,10.805238
1.405689,10.905688
1.522763,11.296103
1.973367,10.603859
1.757085,10.80369
1.749199,10.798951
1.61566,11.116862
1.506992,11.294482
1.555548,11.309754
1.804973,10.598914
1.515788,11.205584
1.913291,10.529819
1.680642,11.280357
1.556627,11.054969
1.607765,10.708973
1.556627,11.054969
1.31296,11.09604
1.72302,10.703915
1.607765,10.708973
1.31296,11.09604
1.671586,11.223011
1.091785,11.212886
1.914877,10.830258
1.235386,10.972995
1.657558,10.922733
1.723435,11.122913
1.723435,11.122913
1.680642,11.280357
1.235386,10.972995
1.823129,10.877996
1.500149,11.29897
1.806798,10.618228
1.752503,10.917206
1.447892,11.299811
1.303044,10.952128
1.844764,10.603675
1.91678,10.936162
1.08904,11.244351
1.918697,10.784117
1.898987,10.816914
1.549501,11.309386
1.978097,10.612021
1.691709,10.594373
1.721309,10.596344
1.936273,10.600092
1.673059,10.997933
1.91678,10.936162
1.577425,11.168638
1.685741,11.15528
1.28467,10.95364
1.847525,10.839693
1.912747,10.712993
1.87876,10.74755
1.872975,10.832607
1.899628,10.820167
1.901964,10.920944
1.752503,10.917206
1.899628,10.820167
1.741193,11.225104
1.741193,11.225104
1.741193,11.225104
1.700909,11.328112
1.410019,11.291721
1.892835,10.75147
1.645618,10.639323
1.645618,10.639323
1.410019,11.291721
1.883959,10.78638
1.732139,11.095848
1.376598,11.311387
1.129846,11.266032
1.766978,10.906105
1.578095,11.030573
1.448254,11.073144
1.878688,10.854302
1.129846,11.266032
1.766978,10.906105
1.615372,10.896113
1.129846,11.266032
1.129846,11.266032
1.035799,11.114321
1.793308,10.902011
1.896417,10.688753
1.703916,10.563581
1.703916,10.563581
1.400776,11.290973
1.750752,10.7007
1.304158,10.921633
1.601401,10.64504
1.376935,11.218717
1.953376,10.628373
1.129846,11.266032
1.241157,11.037895
1.669698,11.137459
1.612861,11.238184
1.641102,10.969548
1.641102,10.969548
1.669698,11.137459
1.511849,11.089969
1.339585,10.883727
1.577892,11.220588
1.577892,11.220588
1.880594,10.584883
1.880594,10.584883
1.499718,11.247128
1.505914,11.231474
1.674488,11.343796
1.696525,10.840573
1.264592,11.076667
1.232197,11.266761
1.636407,11.006233
1.264592,11.076667
1.505914,11.231474
1.674488,11.343796
1.382596,11.241612
1.727758,10.618715
1.727758,10.618715
1.55098,11.19023
1.098356,11.252366
1.963779,10.79141
1.915885,10.874469
1.84497,10.720449
1.79589,10.876395
1.791325,10.654478
1.527098,11.097254
1.590726,11.123422
1.527098,11.097254
1.88297,10.829392
1.621619,10.833914
1.682927,11.348381
1.509692,11.229541
1.862618,10.786012
1.391747,11.280987
1.952664,10.575984
0.993529,11.072461
1.9269,10.626706
1.750752,10.7007
1.925234,10.52652
1.78889,10.620026
1.833333,10.766667
1.792508,10.636907
1.411678,10.943348
