source,eligible_records,sampled,sha256
data/geonames/asia/CN/CN.txt,949290,150000,c5342d8cb43c8afdb3ecd6028a00cf52756ac7ac82fd7d2c18ab75b72c205e57
data/geonames/asia/JP/JP.txt,103675,103675,d944bb709291e310fb84f5baac443c5a12173411e7d40fefeb7aa528349d6d0b
data/geonames/asia/KR/KR.txt,144736,144736,d84ebaf165b4e471e11d91f12b6bfe5a5f99e1bfe5c3050bc645c55b5ac3d848
data/geonames/asia/SG/SG.txt,1979,1979,7ed1544ca5d50b5701db82ee9e8917840076ce576230ae3d75c2c94c4ce422ec
data/geonames/north-america/CA/CA.txt,315828,150000,9fafd10fd0539409d37f74925943b1b273f098d4f8c6c634130a734940692310
data/geonames/north-america/US/US.txt,2241358,150000,4cff65308e4bc5fd76bee4f699f2cd86dc5f78f053a440ede773ad30618fa5f6
data/geonames/south-america/BR/BR.txt,235521,150000,7ff9d8f9bbf00e0b9399cb315ba4a451d2b45d9e8dd6cffa693ba42c514f9228
data/geonames/oceania/AU/AU.txt,214835,150000,16a43ebf4f72d6df71316b21b1094263090cbbd7d3202d7151549e0e706843f1
data/geonames/oceania/NZ/NZ.txt,67214,67214,cf4d97d1cfbfbb4dbf0c7e05be8c45b91c60cf1e797b282431dc2170f4027545
data/geonames/europe/DE/DE.txt,214699,150000,a6f89b15dfc16784821a4db0abe88b2090c1c332283f9814ce2b3f7d8fc73ef2
data/geonames/europe/FR/FR.txt,174146,150000,bcab122e0a3dec1297710946618b7f339dfa5e5dbcd7ef36a66fdaf49a8448b5
data/geonames/europe/GB/GB.txt,109144,109144,5db2160e07d96ce1be6d050b9a12465ce2ec00de320544a146458f533931c825
data/geonames/europe/RU/RU.txt,408160,150000,7c02eedc97e0eaaed8690023cbf2fc15455d0390f03abaa047471bc18b76aa5b
data/geonames/africa/EG/EG.txt,35022,35022,e7acf949296d4e13b2c796ce322ae9f9eec8d04b6a89ac2622b0fdb4d935c08a
data/geonames/africa/ZA/ZA.txt,103217,103217,f927ce00cad11705618675de35204a76edc0638e8a3728ce3375002e38effc4d
