source,point_records,sampled,shp_member
data/osm/beijing-260202-free.shp.zip,22668,100,gis_osm_pois_free_1.shp
data/osm/guangdong-260202-free.shp.zip,56505,100,gis_osm_pois_free_1.shp
data/osm/shanghai-260202-free.shp.zip,17037,100,gis_osm_pois_free_1.shp
data/osm/kanto-260202-free.shp.zip,284883,100,gis_osm_pois_free_1.shp
data/osm/south-korea-260202-free.shp.zip,182613,100,gis_osm_pois_free_1.shp
data/osm/malaysia-singapore-brunei-260203-free.shp.zip,101065,100,gis_osm_pois_free_1.shp
data/osm/ontario-260203-free.shp.zip,151648,100,gis_osm_pois_free_1.shp
data/osm/new-york-260203-free.shp.zip,130339,100,gis_osm_pois_free_1.shp
data/osm/norcal-260203-free.shp.zip,117714,100,gis_osm_pois_free_1.shp
data/osm/socal-260203-free.shp.zip,103895,100,gis_osm_pois_free_1.shp
data/osm/washington-260203-free.shp.zip,77203,100,gis_osm_pois_free_1.shp
data/osm/antarctica-260204-free.shp.zip,344,100,gis_osm_pois_free_1.shp
data/osm/centro-oeste-260203-free.shp.zip,23961,100,gis_osm_pois_free_1.shp
data/osm/new-zealand-260203-free.shp.zip,73452,100,gis_osm_pois_free_1.shp
data/osm/australia-260203-free.shp.zip,285042,100,gis_osm_pois_free_1.shp
data/osm/central-fed-district-260203-free.shp.zip,334310,100,gis_osm_pois_free_1.shp
data/osm/berlin-260202-free.shp.zip,120910,100,gis_osm_pois_free_1.shp
data/osm/ile-de-france-260202-free.shp.zip,238128,100,gis_osm_pois_free_1.shp
data/osm/greater-london-260202-free.shp.zip,98770,100,gis_osm_pois_free_1.shp
data/osm/south-africa-260203-free.shp.zip,78640,100,gis_osm_pois_free_1.shp
data/osm/egypt-260202-free.shp.zip,22320,100,gis_osm_pois_free_1.shp
